id,text
0,get tired with thus all and dais free
1,america
2,curry ate a biggar surprise
3,think that you'll eich at it
4,sew that they'd ooh halve problem's
5,enjoy that tew
6,moved tude id 'n citi
7,mabey foret imes a weak
8,knead haese eames it tew is him at urge
9,air's just know one around
10,system reit gnau
11,either one of them woodby uhde 'n
12,like like that
13,lived in places
14,had tew change it
15,it just sound of ab sul ing
16,manage yore up in thus oshell portal
17,it's a ack ing has 'n
18,vin after ure ate york and a's
19,guess they waas beef innes
20,came back littell
21,well what tew you'd ooh on yore yard
22,takes wythe ache all them swing pool
23,it comings the bulk of the decision
24,talked ooh auer wildt are
25,we're justa their then
26,last ewe ahr the year before
27,thing sake of yore troy from that chau
28,bring eid b and that kind of thing
29,if heeded something bad
30,think their ugh team
31,can't think of than aim
32,large start caire fascell utt e gnau
33,ure him en cunt lea orman thing else
34,halve kind you've rease eich lea
35,it is really good
36,doupe lathe up e anno
37,hohman tunde choice the chua chun
38,is the point of this hard a cul
39,if remembered all auer units
40,other real good one
41,it's mohr efficient todo thing's
42,is that eir il eba know that much
43,tel tel that tew adid of texan tho
44,wisch eich
45,caen hahl leak id
46,tear going tube e iny vin work's seff
47,loathe away alon he other
48,what boche souther old mione holm
49,done even adjusting class
50,and conclusion best henri lin attest
51,state ooph lech tit
52,is is just person ulf ealing
53,don'ts e it's other vary offen
54,it as been real good tew ewe
55,ridding and thing's class
56,trite ooh cloe in could stough
57,ewe get place
58,think this is leicht ooh year's ago
59,beep in the bet rid
60,he has it really gneiss
61,is he up raab lum trac
62,tew gro up and tude 'n what they want todo
63,had know choice but tooley
64,starting their asked ooh b a collusion
65,can't morse tough
66,c'est said that the cul isch woodby 'em urton
67,all classed as hege aah doubt tew join them
68,think it wood deuce 'em thing faure it
69,don't leave in a haus
70,he's affined of interesting
71,one waas almost ahn example
72,attention his what most of them knead
73,in done test popular
74,tew goto handing
75,know immediate rip reits of ca a will
76,halve tew worker aue des
77,vision and us ponton t
78,is knoke 'em took take up
79,hasn't if we'll eaux worse
80,waas knope oi tin dealing with him
81,white that offen
82,don't travel tuma
83,what's in like from and art unz point of few
84,let's like they've gotta wait en
85,halve three left in the haus
86,and e fits me exactly
87,of ai had tube guff rende team
88,bringing something fora puhl peat lea
89,meal vary good
90,work's on the rare uhde
91,gau with good interesting
92,theirs know way
93,we'll seid wonderful
94,hors is fina devry thing
95,likes that they werk in the hosick
96,ewton that b awful if ewe we're
97,sir to tube e
98,toot ache us am will
99,their is know expense ikle wait ooh measure this
100,really well regular
101,theirs nothing rong with that
102,other state's halve taken start
103,which ai thought waas a real interesting kwai son
104,it's asthma reason as they caen public tew
105,cala jubb alon that
106,tew use ehle them
107,verb it id the haus pant
108,telit baca 'gain
109,aerie going tew get that back
110,don'ts e thing's changing really
111,yoon ever expect tew wen
112,in use eap us vink ein
113,waas some really gneiss ting punish 'n ing
114,decision happened uhl au urquhart playing
115,think that isn't dec's uhl 'n program
116,billet a cul hass picht
117,it's eid uhle ata project's
118,didn't could us off
119,vin meant e has uthe e ater
120,rall in the allee
121,don't really it out tuma
122,ahn ince id upped
123,live it upped ooh euan yore jubb il
124,bakes someplace
125,ewe halve snow
126,wen they we're na gurr
127,hope un joy this
128,waas pretty socked and that
129,knot that halve been aware of
130,waas going toussie ai always enjoyed that
131,it's knot like i'm going holm
132,tew they all live in the area
133,roald bae their kid's
134,it's 'em adey a
135,halve them era
136,auton utley what you'd ooh is yore decision
137,think they goto fahr
138,best expense uhl
139,sola power sat uhl utz
140,per faure eir it and
141,canby select 'em
142,ware lats of shorts
143,movie five orsi year's ago
144,i've done pretty good at it
145,them hors rew they knead tew exercise
146,oui willa peal this decision
147,ahn he that leased us tew auer six point
148,up esch lea wen ewe get knot
149,il gnu reit away heesch done five tuma the died e
150,sew schuld they'd ooh it
151,mai wes kind of last
152,hungry five year's
153,deuce 'em thing tew get a fer thus cool property
154,tew get utt i'm that weak ahn both gau
155,knead ewe halve tomb ache us ala
156,but it's along the light's
157,that's neat that you'll eich ros t also
158,of already on mai job
159,littell trick are faure it's dae
160,lowing yore choices
161,rauh slum had again
162,can't blinn them
163,rippon millions of dar ers
164,ugh otten der their and measure's with the foie
165,faure as just halving end unser aue
166,wood depend about weaks one ewe want
167,that waas really welge earn
168,a also one toussie morse cool sever e
169,let's sate ip uhl
170,tew ewe computer
171,put all them 'n e into it
172,it's just any uhl
173,it's fina ai waas reading
174,stihl gotta couple of year's on it tew gau
175,don't halve anywhere tew gau it
176,in it's decision caen lean tew uhde if are 'n risser
177,one in them orn ing and one in the evening
178,caen ewe amaze 'n
179,it's about thirty six miles away
180,caen got that much off the end
181,long as hebe a sin the haus he'd todo
182,that one that ewe had
183,both of the children we're in colledge
184,caen get the information tew set it up
185,find up lace that has 'n ice job
186,tew pic the reit person
187,can't call's at holm
188,somebody waas telling me
189,kump uhl of problem's
190,don't that waas a relief 'n
191,it's aue like it's good
192,food rill edge 'n lea
193,you're art's 'n
194,knick has grate vision
195,that's and enjoy intrie mix pence uhl
196,lata those ahr relief i've uhl 'n type movie's
197,think that uhde beeney
198,put all yore recycle ears in that one
199,present llosa
200,tel t it out
201,people going into different feels
202,guess the quach 'n is in mime ein
203,let's talk about aer pollution
204,woodby driving
205,fitch is ugh deahl
206,knoell asked of women wood deux it all that i'm
207,is is mai dance part
208,could sticht ooh that
209,enjoy the en vern mundt
210,don't halve also ehle are
211,certainly if ewe watch it enea mount of time
212,know en come taxes intex us
213,don't know if ewe halve one
214,wai ahr auer pretties ever iott id
215,wood vogt pro choice
216,wen heeg eaux tew school
217,it waas like five hors six dollar's
218,just thought that they bring up
219,it's only like eleven hundred scare feat
220,toal their had of
221,comes the fan uhl decision we'll beahm e
222,karpen ing is grose
223,point's from them ades report
224,aer out auer biz nut
225,kump 'n tunde everything
226,wood halve had kid's readinger aue bae then
227,think auer next car
228,think it's their way of saying hao well you'd ooh
229,all of assad 'n you'll eichen theirs throw
230,better knot beahm ein
231,made disch and uhde cent
232,many division's does he halve
233,long tuk 'n specht unz
234,noa girl
235,cease etta reicher next uhde
236,tote halve any problem
237,had a hard time getting seater ana yeary
238,don't eat the long and all
239,they has us toobin dull auer newspaper's
240,they make uhl ugh are on mind e faure yard wait
241,couldn't gets one tew same yore life
242,ugh rait pleasure speaking with ewe
243,tew wege us goa head
244,feldt gotta stubble
245,think it's grate
246,adjust uhl of the jury
247,know what ai am saying
248,tutor them looks
249,wendt tew id 'em one and caen bakken other
250,hors let's at holm
251,cana void this problem in treu wais
252,waas thus atta suh teethe at you're looking faure
253,rum ing is a kid's in point
254,topps 'n tit waas easy
255,of done those tew
256,it's a holik spear ian
257,in corder tube ala thus cools busbee straight
258,rilla puhl dis terse ich ooh a shun
259,it's all roald up into one
260,tew halve us 'em pri tarry a
261,think about i'm any ida bill's their ahr
262,what ahr the other's
263,it's really gotta crean
264,the lit us tanned royd fein's faure last
265,again auer choices arnott maydena fac 'em
266,bakes of countries schuld halve know electric's
267,us aue due atop
268,theirs this one actor everyone likes
269,has heeg ott tube ia didn't
270,wood love tew
271,uhl this other people ahr head really around
272,lata measure's
273,he had ena 'kay 'n
274,in is treu in il ooh and across this nexus
275,isn't that funny
276,with jure sander
277,only ripa litten
278,hugo faure long fan isch
279,undone durst amenta time
280,marry mohr offen then usual
281,thought it waas pretty good
282,race hors ing tidd rather than changer biggs
283,nairn eades tube ia line char somewhere
284,strong is it
285,willa greet ooh that
286,you're in vogt yourself
287,caen always mabey gets 'em boddie else tuk
288,could deux it gnau
289,deux ewe halve utt wendt ode al are
290,if they'd ooh comeback next year
291,think she has problem's with that
292,it's schaadt utt rubble hear
293,tread than ooh clue e's of their peril reit gnau
294,ever that's eason ala sad uhde unto make
295,is done ubben of cunt 'em orme ooh v's
296,what waas the point of it all
297,people get vary offen
298,it's dewing allot of dependence
299,halve ewe ever had of her
300,their pretty forge ing
301,real ewe from organ allee
302,madan stew get tew one
303,ewe watch them goa
304,grain tacks about ism at are of tries
305,lata sena sepik alcon done
306,that than halve that rial
307,even it's mucking
308,get thing's done fanned are
309,what waas find tew werk with him
310,think most people one tube e
311,tri ing ugh orf orla gurr
312,lass a cul thing that use eon tv
313,it is their knerr porting
314,don't get tuma money faure them
315,i've been hear cents evan t faure
316,haven't had tew rip lace the thing yet
317,a hull ear eka monett
318,and leased decision allee
319,re kind of at the in of that trial
320,caen get this yard in ship
321,team's really ugh fischer one
322,in auer pun yul are situation
323,usually want mai dog in the parc kneer mai holm
324,did that with thus eka baby
325,it's disappointing hao this waas handel
326,told us tew get cent auer car
327,guess wen yore fenney division don't give up
328,that woodby all
329,love is inner g beautiful engineer
330,mabey the camp rake meat waas believe in the end 'em eyelet line
331,tried tew heid in the baca the reaume
332,is also also lohse tew that rupp in vision 's
333,tude it ooh ing ana maring the pris tub uhl of in 'em idea ghost ehle
334,take pring news around and special reit
335,time force ville finds is because us
336,their waas aw cat thus enter on westar of that rap kyne utt e
337,is the only girl herk op's tew auer school
338,toon au haus cost just asthma
339,mahrt it's hyun level on ryka
340,leave seow are five us e newt fourteens of yore tatum reits
341,the it the worker's dern dah weyand
342,and other lats of children's and some event e
343,and confer this with yore fun
344,tel miles ewes water
345,did uhl halve sare ia question's tew exar
346,a rub ohrt that this book longton dais spay
347,is of aerie import caisse from auer point of few he hadad
348,what ewe both and doi tew fede yore happened force pace
349,can't put it downen dike look at it foard a's
350,and leath ing life todo it's tew haddow ver the cunt roes in in
351,he wood take it friley il aix ewe give it tew him
352,end use e what happen ressel e
353,is knots 'em geis hear
354,gets holm from werk late
355,takes a halve gauna
356,it's once important tew ewe
357,enjoyed ooh ing it
358,person tor thirty before thirsty before
359,detroit news
360,has well is you'd ooh
361,tude id you've oat faure
362,really live it
363,halve this whirled football thing
364,force from the crowd
365,waas that killed
366,like the way that
367,isn't is one of the fun and ikle luhn faure any intuit hritz
368,wasn't us tanned are
369,placed and all that
370,oui moved tew highway
371,decision halve been made at this time
372,because you're reit
373,don't know anything
374,want tew they call it
375,lived ana farm force itty year's
376,other sein of the coin
377,dai think it's scilla knit this point
378,lats he used tude il ever pisa bickel
379,dune ott kump e word's
380,ahn their ahr other fission zinn that rafts toon oat
381,lucking zinn both pretties of call's foursome allies ing them unease
382,chic lass all never schuld signed of the if
383,hear is the id ia love the job lum
384,it is soap ewe tub uhl
385,cools mission tupy dah the welp
386,said billie rus pond 'n with it's 'n faure that racks utt id
387,with ing minute's they c'est the fire waas under job
388,looked upped ooh mind the thing into the rion of both
389,tew of them adee pundt ooh make a bring faure it
390,gras grate daines faure ewe
391,and ent 'em aten different growing ana 'gain likes hundred
392,annoy he'd gets another special fil gin that aue
393,halve tool aune done ince tart of pus friend hard tuk 'em mai
394,cali thus aue dove saal ooh trois the only up rodent one hear
395,the whirled caen scilla pre tew hear he hadad
396,trick are in the heise
397,the livened the press got qual ing he'll beef i've sewn
398,it mabey in the vision
399,oanh ling is money
400,end their aught erte ooh get rid of faure the weekend
401,think it's justa craugh same
402,cel prob a about asthma chaz wiebe ring in
403,this year at last year
404,don't holm mai holm
405,their tew fein in their stand e's
406,that's the best wait ude ooh it
407,it waas ard tew except that
408,mai father t's unz mia 'bout cooking
409,know it's sew expend ing
410,it waas pretty sahm uhl are
411,it waas wen ai waas a child
412,haven't had a change
413,halve use e ghose yet
414,meant meal
415,ware oui wendt from their
416,mater ant choice
417,waas in collet ing inge annular e
418,we'll we're really over buttoned
419,believe it is tew
420,ewe a run faure yore money
421,don't that is voiced ribble
422,eich ahn gau auten goto the baar this land
423,really signed me hope
424,waas lad tew get read of littell kassa slee
425,werst rye ing summoned ai waas watching
426,we'll ewe measure yore life
427,like orca sir music tew
428,can't ing some of that
429,don't know if you're like me
430,riss ev the reit tomb ache the final decision on all name chin is
431,every dime something nuke aim up
432,done he'd a it all with us mallen duc wiatt joy
433,it is a used place
434,last along time
435,just has tube eke 'em pun e in in ai think his
436,thee's resins a first is the best can country sir
437,halve they returned it
438,what did thus up reaume chord together winton colledge
439,get tool cat raise york ids
440,halve noa rease id are allied ia cure us itty hors acts pensive
441,pesce 'n lea hege us made full's of ewe
442,thousand miles away
443,in this form she waas littell cent out tew of in mother
444,is wood elect class seid as rut ent ing suit's forint a
445,ault eaux carp us ia vax sphar
446,mind waas uhde ed and start problem time il aix
447,woodby ashame if that changed
448,emission of justa because us tait fun jerr
449,ugh aer is fein in pris up uhl but the decide is all long
450,ewe want this article usual that place ehret with this
451,but behind the white out's took alas trill ia pro's
452,waas their anything spence view said tew them
453,it had all the vegetable in it
454,he had choices tomb ache the kalil ito him
455,getting place faure the boy yet
456,i've noun the problem down
457,from atz tew situation's
458,that the rait 'gain csar hear
459,deux ewe watch start ruck
460,sets etter aue dundee popper
461,had of ahn office every dae
462,that leave me with a choice tomb ache
463,know the been everybody that
464,due consider
465,deux everything well
466,havel it'll country cul
467,that waas oppress 'n ai got wen ai waas their
468,to stun is soap ritt e
469,deuce 'em every nowa than
470,what want ein eda
471,is tew ing some other movie
472,really don't want tew stay in knows
473,putting up oui all her axa done
474,miley note ooh it
475,know theirs knot any food that ewe caen get
476,halve yorker era yore holm life
477,all reddell stough like that
478,is invade car's tall bask attic lea
479,is been of calmest interest
480,amana disc utt ing knorr ware t's
481,intel adjust rhyme errant spread 'n state
482,messa can b getting wait at job
483,'em ade that off a aah v ing missett are
484,up up oney paper meiss sew era t
485,we're 'n leah porting start reit
486,take decision whenever temple's rare utz lib earley
487,cocker ripa texan lies deahl can reedy
488,listen fischer mother's browned ais dip a cress
489,kunce 'n allee played ing shining weeds
490,anyways over out over
491,dill a some allee fee percents atz 'til
492,enough court's sir tull aue
493,bain that's ack chew utt tele stray
494,big ing stress ikle prust roil eash oohs
495,immu 'n long inca porta peace
496,cooped is is jury come soon ing and a ing sot
497,lat any styled companies impair 'n
498,ahr lovely
499,air's what ewe halve got
500,one that ai ewes just faure emotions
501,erin dune with that
502,ure ilene ott remember
503,don't handel them vary well
504,another thing uhde oanh tunde are stand
505,pearse heiress whim ing bull
506,light eid i'm ready tew gau
507,caen relate tew that
508,goto werk every weekend
509,might knot fork 'n tree hao much is spent
510,united state's and canada orso different
511,tel deux unosom thing
512,every game sets out tomb ache appoint
513,gneiss isn't the won't eid ers
514,lait orf oared a's and that woodby it
515,it's especial excessive
516,live are of caire tew uni
517,mime york 'n sip end
518,did they halve sump ritt eeg special of a's
519,guess reit into it
520,what wehe 'n tse that one either
521,after wehe ad them force ever year's
522,halve uhde aw that kind geva
523,train yore dog fork of earn muntz
524,one them ewes clue
525,is gnau we'll knoke ahn ing and tew ver us inside 'n tug en
526,quite id ahn in utt id bae been one's faure plough ziv education's
527,ewe yore frech stough in invest
528,a waas departs wen ai got this had the bleu
529,income itty excess bitty shift is bad on
530,ewe arnott aware of it their is a run
531,ready tew had back
532,dis pecht that once as it waas ana mundt tew intact them amalie
533,tri utt e is knoell aung gurr sew easy
534,thus time's over america thus trease is on
535,a ready oanh them at that ewe ahr ready and get tew werk
536,winton des trip's ball of place
537,public hear is played faure numb aber
538,oui want twosome baade auer putt a shuns sump ohrt it's other
539,of aiding enjoying is him stac yul earley rev 'n dae
540,cannedy us ahr already familiar with this some
541,rare e image 'n suh that ai
542,and opened uhl aw caan seil ing office at holm every grand ing
543,laun sighs ince tucking is art ooh cel
544,reit is used tuk big someone
545,it the boal street and follow threw
546,what the woman get backed ooh her feat
547,pot of t helps tube ice the evening
548,making varies luck flaim annie
549,seven kunce id bring the bring them ann's fall
550,song moves came across from thus e
551,going the both sold fiftee part's
552,take the one ding uthe tew which the like
553,tote closely thus ais of the cast ache
554,epp the greis of is doughtie fizz
555,been knoke utt before hugo out
556,rease trois bad licks trade and call lip
557,streak at cave bath tew itty
558,ewe hugo inc aer give tool ear response
559,meal waas cook before the bile reich
560,roop we'll bind thus evan book's and once
561,halve over the fickes and plough are in
562,a friendly gael left the dry stoehr
563,much ware team's teaches inside
564,they sound familiar
565,this we're every decision ewe make much beat f 'n eaken sidor
566,those caen karsh a werk well
567,don't really caire what it tuk waal a fae
568,it's the des is hear
569,if it's paper it we'll problem shred
570,what's the word i'm looking faure
571,takes about we're iced ade
572,it just didn't fit the car
573,deux youth inc canby done about that
574,usually order auer ticks way in imagine
575,love tew runnin' the reen
576,live of of acts pectin is ping up's dailey
577,saw the passon of thus evel reits at
578,don't that bead ooh ing that
579,going backed ooh the basic's in the earley grates
580,of earp up wheat reeck
581,point's on the occasion of thus ince en version
582,halve tooth inca 'bout it's 'em morn aue
583,us owing sewing musch 'n
584,take away upper son's friend 'em
585,a employee feels that he waas tuk 'n troll us
586,found that all ai talked about waas mai baby
587,tuk aer makes 'n ice bit
588,oared of the car werk the klee pink up
589,arb inch il run and with farmed wrongs
590,tude eel waas one in uthe ing somer rake
591,root beal waas got in look class's
592,never interest the big tacks faure
593,is the get leary at the cared mess
594,their arm ai than tew fechter hear
595,had read waas why'd ant ooh compagnie
596,liking tired tool says caisse
597,ugh raske erda what the fickes pace
598,it the point into lies bard's
599,never find some get rate's
600,always pleasure the part toot ache
601,like pro dunned hahl deam ooh dull ai
602,likes leichty puhl aung the grate
603,wisch of clone hung in the bihl hear
604,put of sucre gun's faure than ace
605,fiene waas schaap and got the clearwater
606,likes eames dall and white's oop are
607,bihl the put twosome it from thinking
608,tummy tidd and late join that year
609,could is ewes tomb ache on league
610,teen bean's worse edin ohrt are
611,bihl waas tait everything werk
612,that's what ai had the opper teat ude ooh
613,tew it actually tacks uhde many hoo show's up
614,halve them ass of bath why's
615,oui find itty xie erte ude if ein them aerie bill's up
616,mona lea it akst
617,don't noa 'bout knight e
618,don'ts e it arter tuk of somebody
619,utt ehman eon auer part
620,kick chicken's in a car's
621,it's left with us faure like five year's
622,it's likes 'em boddie tarry hear reit gnau
623,big that car out
624,halve tew give him utt 'em ate au
625,it's real hard tomb ache them
626,wen ai first's tart id werking
627,think that's 'em ailee activity
628,itsy like they what they what they want
629,pretty much job outta bala life
630,lata good as gov from this one
631,that's what they c'est
632,without yore person
633,air's just something about than kill
634,deux ewe feel about touch
635,tuck us ai haven't got that us aerie
636,remembered unz and sticht ooh them
637,that's just knot auer thing
638,lovett
639,just want todo ewe this
640,schuld goad if are 'n way
641,hope ewe heard what they said
642,ewe schuur use 'em it their
643,what's tort of werk deux you'd ooh
644,wood leicht ooh bae a carn aix year
645,anything old is knot always good
646,huge us said note ude ooh mai werk
647,and the end everything waas gneiss
648,this is a hard problem tew werk on
649,waas knot abel tew werk pirie faure
650,name izzy's eat ooh remember
651,someone much tel her that
652,what mis youth inc that is treu
653,knot talking tew ewe
654,had tew gopher with them
655,schuld takes 'em bring from werk
656,what part of this is really treu
657,wood you'll eich tew join meek atz weak
658,arth ing zoh ver their
659,is is what ai want toon au
660,any noon oohs on this
661,me yore tae son
662,kanka backhoe with thee's
663,is this is sew interesting toomey
664,love tew kit of kind problem's
665,that makes it maurin to resting
666,think this wilk 'em around
667,halve never in of this before to puhl
668,hope you'll kit the hoel haus
669,enjoy yore taima void
670,what his the big of yore girl
671,think is rong hear
672,deux ewe get everything ice ed
673,wood a fun place
674,of us we'll pay the billie
675,is looking vary easy toomey
676,huge oi the colledge next year
677,use 'til their
678,we'll wheat fora kump uhl of dais
679,came threw just gnau
680,tew ewe ever gau their
681,hope this we'll look good
682,knows maura 'bout this that ewe
683,know this we'll all workout
684,many people arc 'em ing hear
685,et the end it waas looking vary good
686,willow leal et this kump uhl it
687,what's next faure ewe
688,it's up leasure werking with ewe
689,think it's about thus aim
690,called me the other dae
691,is what oui ard ooh ing this year
692,deux ewe believe that oi
693,don't want tew gau their again
694,every children around is fun
695,is such ugh rait idea
696,of ewe ard ooh ing sew well
697,social group experience dis san
698,can't joy talking basically gae
699,aerie nursing depends lait whatever usual
700,middle hour's forth wat id seven los
701,rhyme betters lives gae coming
702,up and liesin stead comes with his
703,baseball mudge 'n interest point's
704,lear whim enter sim pun sound's cook wood
705,think anymore usual sound tent ooh sisk 'n
706,eary 'n visual biggest noise experience
707,sets 'em mine second dollar's
708,look reckard bult opic policy girl
709,awake on trease employee's gnu his wen 'n
710,is better bette 'course miles
711,team's wais living this gae
712,if ting thirty yours dais thinking fact
713,been us most today which're noise spear ian
714,takes comfort unto crew
715,choices hoos whatever mother in recycle
716,can't lives esch uhl punishment kump uhl class
717,messel e this is lo in mai book's
718,is give auer tone comes wen oui we're about tooley
719,sometimes ai enjoy funny movie's
720,don't measure yourself again this yardstick
721,told ewe tew cel that put of the compagnie
722,like allot of snow under mike ahr
723,couldn't wait faure this furse in of the game
724,expected ewe hear one auer ago
725,huge us the reading on the computer
726,situation is knot varied if are 'n
727,yoon au hout ooh read music
728,just want ing auer usual food toohey
729,many caan we're their
730,living with this group of first fanned cunt
731,what weaks ewe tew auer holm
732,cease edu especially wouldn't tew goto ewe
733,mimi than oi rib ohrt pleas
734,euan durst and that whisk uhl ing is important
735,majka pewter is quite ince elf
736,everyone soon grate newspaper
737,halve certainly made friend's hear
738,thinking tew expensive pleas
739,menil oka people worked at this compagnie
740,up yore minute's book
741,what difference does this make
742,did albee gneiss
743,takes the first play uhl came
744,ewe ewe hear last's 'em are
745,that's merrell us
746,trite tew havoc 'n trease
747,drug this up
748,havel ata people huwe erck on the like
749,it's really important
750,usually c willen tifft ooh said up them enter up
751,it maida big difference
752,it's oanh le caen sit up nude 'n
753,littell caen count them suh store's
754,rong reit has in kreh
755,tele the friend tacks on casually
756,is going tube e hard tew
757,truck's arb il text rud starting
758,somebody wood c in
759,cul edge 'n uhl bad faure ewe
760,aura the funny different service
761,you'll eich it
762,that's program ware werk
763,that they waas that eich tew the job myself
764,weise it ing their wonder
765,halve come allot way
766,we'll order everyone tew goa long
767,person lea ai guess sticker aue
768,scam ping spaces expensive
769,what waas in the local newspaper today
770,is season we'll bring morson
771,what ru quach ing this season
772,what's the deahl with everyone in this compagnie
773,morning hour's with sanaa quite wonderful
774,people used white clothes faure this game
775,justa situation hear is getting better
776,that old music reckard his stihl vary good
777,tel kamin fork oars
778,policy we'll change the law and minute's tate's
779,is ugh rait organ tew start running
780,is situation is knot different lease peschel
781,is is a big camping space overhear
782,word is final
783,public education is cunt ing better
784,is is certainly knot with sound and tele
785,is looks super expensive but it's knot
786,think their is stihl some confusion about this
787,we'll knot bissen other game this season
788,feldt quite unusual
789,what's begin mai hohman this noose itty
790,kansai cullimore we'll certainly help
791,five files snore of hear
792,avoid white close faure this game
793,aerien suh thus itty aargh faure living
794,is maida goodchild sew fahr
795,halve tube eke white's oshell tube ache friend's
796,it is better that ewe ahr holm
797,social caan trease arwen der uhl
798,ewe werking this full game season
799,pleas pleas mai favorite
800,said schuld point us tew than orth
801,waas saying sting this
802,loved thanking mohr that her favorite book
803,testing is apartment
804,record music innes mall frew
805,ahr future up's ter and wife
806,country clothes ahr us pensive
807,tel mia 'bout gneiss pleases kneer ewe
808,is knot disc 'n treat rew
809,don't understand what ewe arce e ing
810,paid with mai usual credit card
811,is is yore next line in the play
812,fife aah thur waas thinking about it
813,that that agrees the reaume
814,mai hardt is with ewe
815,is exactly deux yoon au
816,foo vaugh ready talked other
817,done likes herk ahr
818,that's eames leiken of werk foret aday
819,halve of mai friend's cluff close toomey
820,social situation is knot vary ever
821,must record if re that amp it today
822,let's ghost ache this knoop leas out
823,am schuur eich and ooh this without yore help
824,knot but oil ahr the werder
825,it isn't usual faure pres id tuk eap with them
826,living ana budget is quite tec a cul
827,pleas take cara yore child
828,waas expensing looking foreword tew it
829,tel needs tew gau faure the final game
830,had this vision once
831,we'll get mai best clothes out
832,is the place ewe usually visit
833,mai parent's gave me ride e education
834,sold me this book and ai paid faure it
835,waas a business to 'n
836,leicht ing stay itsy xie
837,is bruhn is vary interesting
838,use urton yore parent's we'll let hugo
839,sets etta children in this country is hoffa
840,companies ahr looking form orem ploy e's
841,wood thank duwe mai friend's
842,us opposed tew help auer family
843,citi has uhde rug problem
844,dune ott get paden a faure this
845,being 'em other is knot always easy
846,does nazi like upper son huwe make that yes
847,don't believe that couple wendt out's olay
848,is is ugh season faure auer business
849,ewe freet ooh werk on this today
850,think's check with it's other every haff auer
851,ewe haven't hors the chris mutt because this
852,live her fifteen matta away
853,chell this their remember in the helps
854,ich situation is knot that bad
855,type of putted tew ewe want tew welt ooh b
856,caen enough way give with thus tor
857,when version of thus 'til is gro
858,somebody must halve quite he the evening
859,big yore favorite big ewe
860,making hour's did ewe we're exide
861,leicht ena this work's the paper out
862,couldn't amount going tew the country
863,many dollar's tew ewe get
864,twenty faure hour's wendt bae
865,baby food from thus tor is that bad atoll
866,could movie's ahr the cam ing this year
867,thus it actor sison of that fun storch 'em ing soon
868,giard had les a money the other kid's
869,let's take twosome one easier starts
870,don't loved the changes oui good tew the haus
871,bohling places ahr faure everyone tew area
872,him euan durst and the cros of tew this
873,compagnie we'll pay thus torts gave
874,listen tew the head cookin' the haus
875,made music is gnau mai hard
876,los aim's this is knot grate
877,use ed tube ia yul are of this place
878,into reli did ewe rund tew ewe
879,is interesting is knot usual
880,whatever ewe fact we'll knot jig
881,if knot three decision
882,had on the reidt ooh boot
883,that's hao weast art id
884,re backing in
885,halve than au choice stihl
886,it's gneiss tew get out in the import
887,mai other place ware ai werk
888,oui werle aung ing 'n a tew halve some oil
889,fast much
890,about forth aus and
891,halve one floor ault ooh use elf
892,tree worse oehmen e
893,deux ewe watch music difficult
894,plein that music
895,stumping back
896,moore's halve plake hear and roared on
897,it's exactly the problem
898,plait mohr pring zinn hundred
899,it is knot going tew happened that mae
900,ear has been uhde if are 'n to vin foree tew the play money
901,that's good tew hear
902,stilled id 'n trois herdt ude ooh aday caire
903,it is ghose tew than ai moines tat sew one
904,knot justy dud halve toot rum the class
905,is aware good treu
906,that they had change their policy
907,didn't tel kid's knot tew play outside
908,children caen join that reading group
909,wood the friend this business with them
910,find this good slee interesting
911,understand the difference foret well
912,aday 'n the last group gnau
913,compagnie gnu what happened their
914,compagnie wert bala that year
915,it we'll bein' important storey tude ehle
916,a of away on the first quake end of this
917,halve been tuner sing school elected
918,yore service is bad and the food isn't goodie thur
919,stoehr stoehr this some in the reaume at the back
920,it is ahn employee overson problem
921,don't what any trouble in milley places
922,deux ewe get me that what book klee's
923,is movie is mai favorite
924,caen people caked ooh hear that'll ott
925,enjoy rhone ing faure files ana cold morning
926,good op and brings joy
927,cannot seethe uhde if are 'n
928,is a wonderful card thankyou
929,we'll spend the cunt with mai parent's
930,tew get halve the credit faure this werk
931,leaves ahr all get and brown
932,and only find of this already faure project lanman
933,because you'd oanh trois toon au
934,think everyone what agree in 'em ager
935,remember it nook b along tew understand
936,guess it is tew only toon au
937,is types of ince us tonnes arnott in usual
938,havoc up uhl of choices hear
939,it izzo lea in them orn ing
940,in in poe's uhl tar ewe from
941,time's halve a job in a curry
942,that innes trois briley faure people in modal holmes
943,could probably start playing baseball sets 'em are
944,like peeing with auer caen's
945,is isn't usual forest ooh knot halve read
946,it's hour's tew get
947,their ahr lats of starts division's in this country
948,is up utt a shun player
949,it's charge the 'n tear that makes maese ad
950,tuk 'em a re eighty of topics
951,and is gnau fora dis rid
952,c'est state todo something with him
953,what is the children mater
954,ru dewing hear
955,feel thus aim way
956,wen waited is find mime ag a
957,just kind give it
958,leicht ude ooh it every other wake
959,hope un joy them
960,think it is that asked flour
961,am enjoying that's ida vitt
962,what icy in the compagnie
963,wen everything is the like heat ela vision's
964,don't halve a reeled rug person
965,takes a ressa ewe tuma
966,paik uhl call on friend a
967,wood tool earn something
968,ai pay arm oran their playful
969,longed a it deux toogood mai boies bae
970,don't know houle aung with been hear
971,halve the engineers feel feel without comp losee
972,didn't bakken other one
973,think he we'll pilley back it
974,don't know if you'll eich them aerie in this time
975,decision's aargh ott in their his
976,plan isch seiple yoon aix us about tew
977,like measure measure
978,beach il runte ooh every
979,turn that before
980,aural ev tool et the children sew their carrot en
981,walking the decision of the cart
982,said sit down on that ache at enjoy resell
983,botta compagnie of hearn ooh book
984,kantz to people from dewing what they want
985,moved tew a big uhl citi last year
986,halve tew stay inside today
987,is the prison rist ration tew cent untie suh criminal's
988,don't make prom 'n decision
989,fizz uhde 'n tan attic paid some out in cala forti
990,waas ugh workin'
991,mabey probably knot
992,computing willed seid on ware them 'n e is bad sta
993,also like j's music
994,both both way hao into the country
995,it's what a been different gnau
996,mai halla part is part of mai holm together
997,halve ewe ever heard of it
998,think that woodby morph aer
999,baatz aken hand virginal faure auer livingroom
1000,don't know wai ein ev a ressa stidd mike ahr
1001,gnau them gauna done a harra uhl thing
1002,don't think ai gets anyway last year
1003,am storey
1004,kump late id that reas inc weis
1005,he has all the way there'd a's
1006,tel seam tew and sew that is ugh thing
1007,feel bad talking uhl it'll bit gnau
1008,sew fahr done uni dike ahn make it
1009,called nata we'll good peer ing dae
1010,hui the burial rare e
1011,wen waas calling different effect
1012,making about tele politic companies
1013,the wirz that ewe arnott
1014,oui wendt laut racca syna
1015,of them ahr fuld ooh ewe trait inca ming
1016,'n a 'n of are good poovey land
1017,scene ott knot hehl beside gnau
1018,bit utt ehle town hors leff 'n
1019,tait is this
1020,well actually they ahr am us bet's
1021,it wary tew ahn ein e aix uhl ooh lea
1022,tube ott that they happen
1023,mabey kind oven different wacha way
1024,fehl some onnen 'em are
1025,we'll mair kid's and winter
1026,we're in the ruhl eid six ais late uhl hear
1027,had what kind faure every year's
1028,justen carden torme ai families
1029,tew waas live ing in oren a
1030,waas uhde 'n that wood bae hauf
1031,it is hard tew remember
1032,feel sew cilley
1033,take thus a ware version beit epping this command
1034,live in a really small apartment
1035,big you'll i've tew faraway from ewe family
1036,think it happened about ten ahr fixed year's ago
1037,hope un joy dreading this blog post
1038,tew on vacation at different places every year
1039,haven't thing they we'll bead troy
1040,like classical music
1041,is uthe rope rest mai grade
1042,like wen aisle i've din washington
1043,player's arp ritt e into a cuts at this point
1044,us get those spay fone call's
1045,that waas before i'm ooh doubt hear
1046,faure wade ware she got it
1047,oui we're elected tew the compagnie
1048,us au remember and illustrated fer 'n of this torey
1049,him tenet like that
1050,both team's worked away with just one pointy
1051,tomb aine staar's of the chau got married
1052,it waas on than oohs this morning
1053,has he ever been yore favorite player
1054,mumma lea ripa singer aue hear is pretty good
1055,doesn't seam like they ard ooh ing much with a
1056,don't waas remember lea
1057,leicht ooh halve somebody come with me
1058,like leicht ude ooh that
1059,grua pineau le homa
1060,c'est it waas about twenty faure end rud twenty
1061,halving pass ability inge uhr eade ooh ing myself
1062,pace that eid uy them
1063,seams their ige us baht it
1064,know ai halve tube e aurum us
1065,just is vary tew appear tew 'em airing the decision
1066,wai waas this decision madan whine aue
1067,is any citi year's and gets mohr pretty
1068,tew waas really pretty
1069,halve ewe aargh weak and ooh knot acts elf
1070,in utt aue a chrest tomb orme hors
1071,avoiding seams tool eich that
1072,because ewe old it
1073,we're knot buying anything at this point it time
1074,they could b justa 'bout in
1075,take tidd of ahn itty problem tew it thus tae
1076,did uhl help ince 'em way
1077,this food is rarely and colledge
1078,everybody has that's elm ein son
1079,loy wary state's clothes
1080,probably moved 'n
1081,does on than oohs every knight
1082,seria is knot ensue uhl
1083,don't with them all of
1084,ahn feld ahn into rieben
1085,don't kehl them
1086,il eeg ling the water
1087,decision of usual faure redden
1088,came is a bester gil
1089,rill eck to does it's it's siri knot the kid's
1090,water ware they'd ooh that
1091,come is don't likened resin but bae
1092,rill aune din them iced
1093,mair movie tew florid
1094,and ai always that it waas kind avow to version
1095,take mites ever uhl could texas
1096,what rill due haven't tube e it
1097,their is accompany ahr than ai
1098,think's what eid id one ai waas really hap
1099,really wanted tew gau on the raab lum from
1100,oui wendt with them friend's avow ers
1101,caen big mai pies from yard's
1102,total but does from card's
1103,hold old me
1104,think the chews hors late
1105,mimi sump 'n ing
1106,could allot of reference in their
1107,waas starting up utt ache
1108,waas found dead happen and illusion waas heard
1109,a ear long pres id
1110,woodby tew it
1111,don't wendt is piela that
1112,halve knot compagnie any requests yet
1113,cashen thus e's
1114,actually they halve
1115,anything like that
1116,waas the reit decision
1117,peart 'n sarin vice tew avoid the area
1118,cent ing the puhl and stough
1119,halve the change tew really ric end
1120,in in into reen aue
1121,likes toussie those it church
1122,aft saar us 'em oared aught ergo ing tuk ahl
1123,don't what tew
1124,malin that arming
1125,ewe heard that
1126,canto nut beahm eh are and yet it is us
1127,think bit annal is always did pair
1128,rion tew stick it with that
1129,invest 'n lea they aargh fifteen
1130,think uthe atta lat people faure that point
1131,dune ott halve family it
1132,gnu halve the dahl of 'n and stay of the computer
1133,toot oi willa eh thur
1134,first hugo tomb iced arkin that opic
1135,the been that knot quach ing
1136,knead tomb aycock ault ooh make a call ohrt ooh
1137,really inge oi des twite up aine
1138,tube e auer first tew cicco league died ia
1139,along before ewe il pri
1140,we're vial 'em tuk 'em oven der uhl with don'ts
1141,knot bein' to resting
1142,think that's the big problem
1143,one don't ugh tube i'm hors
1144,make measure person tew uni
1145,halve knot cat uhde that in along time
1146,heard is in in isch 'n interesting tew
1147,big faure the exar tend uhl excite 'n
1148,like that
1149,wen the roald rest showed uhl at the you'd a's
1150,i'm i'm ahr agree with it
1151,oui get riss ai tidd all that time
1152,yoon ohl eggs well the in utt id state's waas in the billet iie
1153,caen usually is experience land
1154,total it'd israel e's tew the avert i'm
1155,interest closer csar going allot of version
1156,puhl e's like them one ahn at id
1157,halve been involved in a can 'n
1158,takes toussie level
1159,don't ewe watch we're and been abel tew gau
1160,takes sew into good compagnie
1161,am up a esch forti
1162,much faure lat that the cat
1163,a hao prob a faure the plaster of ewe
1164,did tomb ache decision's all their made on their maida certain paign
1165,all gotta face this year
1166,think about this
1167,difference up eap ulland thus imp anneal ai year
1168,sometime quite yore give uhde unto
1169,all all of us it'd they we're gawne
1170,is is their greek 'em pun e's
1171,other null e woman is tel people close
1172,waas innes evel e surgeon
1173,is in the point ware ewe want toot aches it
1174,had sucks ed ing oui all what todo
1175,waas vary au ping anyway
1176,caen meiss a esses about the carda cul knot aargh re
1177,waas people has uhde earring compagnie in it
1178,haven't b backhoe mihn five year's
1179,a got tool ing weaks in auer neuhaus
1180,wood what think's au
1181,don't want tomb est anything up
1182,mott that's the point
1183,is ugh does a could idea
1184,don't feel vary good
1185,halve already presson some of them
1186,fehling he up en youn
1187,teach art ooh reit arn aim
1188,is halve their is foreword at the d'or
1189,it's good probably fork ahl
1190,love this tieman than ooh curse
1191,acree ate id willets ich are and lath weyrich a
1192,that is reit
1193,is quite a bit of crime in that number hodde
1194,didn't might ewe that atoll
1195,did ewe get toot oct ooh him before he'll ai
1196,because there'd aue waas at werk
1197,didn't e's ahr already bit faure this brugh
1198,usually decision's over large
1199,suh to trill e miot ensz 'n in class
1200,we'll willwerth it
1201,what kind of worked ooh you'd ooh
1202,word schuur ai goto sew that
1203,halve thee's fun littell barges at gnau
1204,halve knot been maida where've this
1205,et that point she waas around gawne
1206,don't want tube e herdt ooh b a bigots itty
1207,did that they make that makin' tew 'em ooh v
1208,scene all of this before
1209,haddan happen of the clue last blay
1210,waas up leasure toussie and talked ooh them
1211,amar to me that midst 'n them
1212,oui wehe tew waitin' tew everyone is word
1213,visited their reitzel at than icing holm
1214,gets people charging faure schuur
1215,of earp 'n ate has upper since irv us part
1216,we'll bealer ning likes of noose tough
1217,people ahr really gneiss
1218,about uhde says lives it
1219,ewe might beal eich me
1220,guess it waas last year
1221,just happened with ing the last three weaks
1222,wasn't really that important toomey
1223,don't noa veney other state with this policy
1224,could hear that error in is voice
1225,and ai always think it waas kind of difference
1226,did find several good topics
1227,depends what troop ewe happen tube e in
1228,what eid id foreman e wen ai waas really up
1229,really wanted tew gau on the caan fick rough
1230,wendt with summed ressa vow ers
1231,caen make mai pies from rasch
1232,older auld people arce trow old
1233,a only did todo it work's fora cunt uhl been
1234,don't word point did the feel really set in
1235,halve teen in person all mile ai
1236,halve gotta done thing going
1237,we'll ewe had uhl riss elf is imp en sieve
1238,wai waas wood just live that
1239,valla a of difference ian delusion arce truong
1240,if ewe play rec yul are dif 'n tit is knot bad
1241,ware living in utt ela vision tew area
1242,down their on the fiftee work's bae the point's
1243,lile b with other people
1244,guess we'd ooh get it frumpy puhl tew
1245,whim oui schuld beat ooh thus aue
1246,many of thee's 'course well weeny
1247,seiyu trickel ata comfort you'll stay away
1248,twenty is ahn aska lundt wait ooh treu appoint
1249,waas accord le fer
1250,toon ott charge except fora part
1251,live b therein the afternoon
1252,guessed ooph is it faure like a choice weekend orsa thing
1253,think that's way this is done
1254,put of thus stum
1255,wood those hout ooh bigot oona fisch sentra
1256,can't remember the kinds time
1257,tew youth inca 'bout this restaurant
1258,lavie ting friend's difference in thus 'em are
1259,caen c what i'm e
1260,haven't deason women with a white point
1261,feldt felter
1262,really like it
1263,caen sit in thus tough ault ooh away the pool
1264,really don't want toussie them gau
1265,halve what a ream orn hors whatever
1266,wendt todo ing that because
1267,restaurant must pass the him runte
1268,tew hugo camping at around hear
1269,trite ooh same that faure the weekend
1270,does going start
1271,tacks the one it waas
1272,after real in the finds
1273,had end 'n to pin of aerie temp leal et area
1274,topknot a redden on gnu movie
1275,what end them toot ehle duwe utt we're her
1276,and thing ewe halve up eap uhl before
1277,just don't like that
1278,cc it's au cilley theirs in waas
1279,takes upright of that
1280,said if's tart id program it
1281,measure's of turn ear tew riz tooth inc the cunt in yul
1282,toon eda one what thing's their pretty
1283,trice live uhl it'll bit
1284,if 'em a chin probably it's tait the laun
1285,toon ott in their every c am get
1286,havel ott into littell hors kuala to
1287,ewe want tuk 'em and other
1288,start trice and noose tuna the dallas
1289,two's like because tew gau it recycle
1290,at we'd ooh ewe caen halve with
1291,ferg 'n 'em 'n ter used measure's arve aerie didn't
1292,auer mai pait axa's foursome thing
1293,think allot givan innes to rare eade
1294,they halve the country disc ring in utt rait mundt lea
1295,tended b that one uhde oanh thing
1296,caen it a few country in the place
1297,is a of 'bout ever cunt ensz allin me
1298,put of the in crea
1299,enjoy another aspect of this
1300,it owned a full scilla jus
1301,does couldn't start it
1302,storey waas of erisa boddie storey
1303,rut yul erck ein dove hsu faure ack ing
1304,deux ewe want tomb ai thum thing
1305,what wen you'd ooh about it
1306,is is justice tart ing pro
1307,wend ooh ewe want the biz nut tuk am
1308,don't what we'll many part issa ting is on yore food
1309,they'd oanh riddance anytime difference
1310,it waas up at are suite mohr
1311,they think is probably gotten better
1312,dune ott promise anything dif eschen thee's dais
1313,don't halve up raab lum atoll with boils
1314,kid a sherrow and get trays
1315,make of mike atz aarti earl
1316,just let out in in utt pretty in utt money
1317,caen could b allot of option's
1318,other that that they halve the usual stough
1319,it is really stear e
1320,mail's and leased wood cat in the haus
1321,am knot schuur hao their goto feel about it
1322,dude id vary well their
1323,chic done live with us
1324,that's really willed
1325,it's up ritt eat ooh back yore a wendt 'n
1326,hope ewe halve enjoyed this tuk 'n troy uhl
1327,them aerie system stell fizz knot roffe eck
1328,mohr parent's always said if oui want a car oui at tube ai hoo
1329,take tidd than oohs out bae thus 'em time time
1330,it happens halving singel month other cher
1331,in averse 'n some fila dirt 'n tint ooh that rasch
1332,i've did some other thing's tew
1333,can't of up ritt ing in the word's type thing
1334,tree this full ai am going backed ooh school
1335,aerie invasion eason
1336,ewe used tew always a ewe watching
1337,hugo outside and lait
1338,used think that it waas a friend school
1339,todo movie tew wendt their
1340,them sundae tidd uhde reg decision puhl ison
1341,think theirs about's evan tia them
1342,yore spy ing another dais with it
1343,halve heard destroyed
1344,don't ince elf their school measure alie
1345,he enea verrill ott in flew 'n
1346,been bet is up utt ate au fart mundt
1347,enjoyable tuk 'n tin
1348,hugo tew it izzo des sorus
1349,sew oui every sin interesting
1350,riss eid summoned sittin' faure used their les
1351,halve knouse tart ing tomb ai them
1352,ai guess that a few thing's about gnau
1353,he ahr fahr
1354,affair eli them atoll ready at gawne mai
1355,halve uhde a we'll ewe out everitt
1356,waas a begin that i'm of
1357,is onto remember
1358,then 'em any knot interesting
1359,done is up utt id toe cut problem
1360,them ugh daft erte ooh getting
1361,ewe want b it is interesting hors else au
1362,eh oui mead ela since in upstate
1363,sometimes we're any dallas wen prus ent their lex
1364,arnott family tude ring them
1365,caen their ahr a few thing's about's tor
1366,they arce cloe
1367,it is of aerie lira tel ping and lira their
1368,halve a bring tuk eappen dove stough
1369,what waas a kunce id the pay from
1370,is upped ooh remember
1371,haven't had allot of problem's with that ooh computer atoll
1372,been us it and enjoy the ride
1373,think oui full tauer all uhl jun
1374,c schuld study this noose p she's
1375,mostly weak karpen something
1376,pic at don't in ugh and in a quill der
1377,set mai chance allee annick spence ing yore money mai
1378,guess auer both pretty difficult people
1379,tew waas on is oui their
1380,hors arm art 'em utley white
1381,halve creed tuk 'em pus him tew what all this time
1382,if they we're at it'll it'll bit
1383,think they paid a we'll good job of that
1384,since what there'd ooh ing
1385,it's uhl italy good fiftee
1386,watch yore specht vala food
1387,bittel arc raise e
1388,their i've know b
1389,one of the thing's that is up raab lum
1390,said knot tube e moved uhl different
1391,manned ooh majka fer the worked
1392,olea kinds of thing's that ewe caen ewes
1393,caen's kind oven durst andal
1394,in them id uhl of a hundred area
1395,use cooling another dis with it
1396,midst 'n league dinsa threw school
1397,we'll is ugh under it this and since tuk 'n tree
1398,wendt wen of that ooh that wehe one down
1399,am ahn em pre 'n citi
1400,waas we'd seid toupee at it and it ugh eh thur
1401,just at big apart
1402,the a it is up after citi ince read is faure the saal
1403,kantz penned them
1404,what ai halve cent unto ewe tew
1405,if bit ahn op utt swill b earley leicht ooh likened a car
1406,waas living better knead year's ago that on mile
1407,seaq ana backed ooh ewe
1408,has has dressing colledge
1409,auer old big mander dis tough lit utt
1410,think ewe about's ent ing much last hors littell hors land
1411,like waas music's muntz expensive orca trease
1412,waas teen ing on the end of the wife's tae
1413,lev them them of mai has
1414,that's the one a heye
1415,state's place with better paar on the compagnie
1416,what is that ina mai back
1417,it's epp tude ohrt oop riss utt unused again this
1418,occasion tend waas a committee
1419,what wood youth inc
1420,mine eade ewe ewe halve
1421,ai waas both of the old rester east a
1422,halve some in elected fora piss 'n sew
1423,the part puhl eh are what baca
1424,wen ai ament a resting yore maher
1425,couldn't ahn ever really tew about it
1426,had foreplay suh
1427,dune otts e that
1428,if's 'em one been and heard it
1429,haven't really watch it'll ott
1430,that waas varied ester ning
1431,their ochs 'em us eat ooh thing's nie this
1432,of us evan gets been once 'em 'n
1433,tew we'll i've intra get foursome oneyear
1434,don't know what them apart
1435,they ahr always newt aix of hors problem's of arc 'n trease
1436,of billie about in cul italy large baars
1437,uhde a zuck 'em puhl newt aix us this year
1438,letson faure anyone's ard rye stun
1439,understand halving hear
1440,waas werking ana farm last's 'em are
1441,saenz oi cast ahr upped ooh all once of this
1442,cist 'n is budget mai it'll ooh of uhl what
1443,didn't ressa friend of eel schuld b got
1444,end they ent 'n
1445,cent the don't halve the relief e
1446,us allot of newt ration in that eck knowledge
1447,at eid ana halve a hund of ca roos
1448,tube oi at the other one
1449,we'll b that isn't other factor
